{
  "Version": "2012-10-17",
  "Statement": [
    {
      "Sid": "AllowS3Operations",
      "Effect": "Allow",
      "Action": [
        "s3:PutObject",
        "s3:GetObject",
        "s3:DeleteObject",
        "s3:ListBucket"
      ],
      "Resource": [
        "arn:aws:s3:::tts-service-storage-*",
        "arn:aws:s3:::tts-service-storage-*/*"
      ]
    },
    {
      "Sid": "AllowPollySynthesis",
      "Effect": "Allow",
      "Action": [
        "polly:SynthesizeSpeech"
      ],
      "Resource": "*"
    }
  ]
}